[
    {
        "q": "Как долго встречаетесь?",
        "ans": [
            "Больше 3-х лет",
            "Больше года",
            "Меньше года",
            "Первое свидание"
        ]
    },
    {
        "q": "Как настроение?",
        "ans": [
            "Не очень",
            "Отлично",
            "Хорошо",
            "Средне"
        ]
    },
    {
        "q": "Хочется чего-то нового?",
        "ans": [
            "Скорее нет, чем да",
            "Скорее да, чем нет",
            "Нет",
            "Да"
        ]
    },
    {
        "q": "Какая на улице погода?",
        "ans": [
            "Очень плохая",
            "Хорошая",
            "Нормальная",
            "Отличная"
        ]
    },
    {
        "q": "Любите ли покушать?",
        "ans": [
            "Да, очень",
            "Нет",
            "Да, а кто не любит?",
            "Как все"
        ]
    },
    {
        "q": "Как самочувствие?",
        "ans": [
            "Средне",
            "Отлично",
            "Как обычно",
            "Неопределенно"
        ]
    },
    {
        "q": "Любите ли активный отдых?",
        "ans": [
            "Однозначно нет",
            "Однозначно да",
            "Скорее нет, чем да",
            "Скорее да, чем нет"
        ]
    },
    {
        "q": "Ведете ли социальные сети?",
        "ans": [
            "Скорее нет, чем да",
            "Скорее да, чем нет",
            "Нет",
            "Да"

        ]
    },
    {
        "q": "Бюджет",
        "ans": [
            "Не хотелось бы тратиться",
            "Есть возможность потратиться",
            "Крайне ограничен",
            "Слабо ограничен"
        ]
    },
    {
        "q": "Что предпочитаете?",
        "ans": [
            "Комфорт",
            "Яркие эмоции",
            "Стабильность",
            "Уникальность"
        ]
    }
]
